Year,Week,Date,Day,Home,Opp,Score Rslt,Team Pts,OT,Passing Cmp,Passing Att,Passing Cmp%,Passing Yds,Passing TD,Passing Y/A,Passing AY/A,Passing Rate,Passing Sk,Rushing Att,Rushing Yds,Rushing TD,Rushing Y/A,Total Offense Ply,Total Offense Tot,Total Offense Y/P,Kicking FGA,Kicking FGM,Kicking XPA,Kicking XPM,Punting Pnt,Punting Yds,First Downs Pass,First Downs Rsh,First Downs Pen,First Downs 1stD,Downs 3DConv,Downs 3DAtt,Downs 4DConv,Downs 4DAtt,Penalties Pen,Penalties Yds,Turnovers FL,Turnovers Int,Turnovers TO,Unnamed: 47_level_0 ToP,Opp Pts,Team
2006,1,2006-09-10,6,1,NYJ,L,16,0,20,42,47.6,242.0,0,5.8,2.55,36.0,2,25,86.0,2,3.4,69,328.0,4.75,0,0,0,0,6,239.0,14,7,1,22,5,13,1,2,8,70.0,0,3,3,25:58,23,oti
2006,2,2006-09-17,6,0,SDG,L,7,0,13,39,33.3,163.0,1,4.2,2.38,34.5,0,19,55.0,0,2.9,58,218.0,3.76,0,0,1,1,7,287.0,10,3,1,14,2,12,2,3,6,55.0,0,2,2,21:25,40,oti
2006,3,2006-09-24,6,0,MIA,L,10,0,19,33,57.6,254.0,1,7.7,5.58,67.0,2,22,62.0,0,2.8,57,316.0,5.54,2,1,1,1,6,275.0,11,2,1,14,6,14,0,0,6,47.0,1,2,3,24:31,13,oti
2006,4,2006-10-01,6,1,DAL,L,14,0,14,29,48.3,151.0,1,5.2,2.79,46.8,2,27,78.0,0,2.9,58,229.0,3.95,2,2,0,0,4,137.0,8,6,2,16,6,12,0,1,5,55.0,1,2,3,27:26,45,oti
2006,5,2006-10-08,6,0,IND,L,13,0,10,21,47.6,63.0,0,3.0,0.86,34.4,0,31,214.0,1,6.9,52,277.0,5.33,2,2,1,1,6,255.0,4,10,1,15,2,10,0,0,6,36.0,0,1,1,26:05,14,oti
2006,6,2006-10-15,6,0,WAS,W,25,0,13,25,52.0,151.0,1,6.0,6.84,83.9,3,42,193.0,1,4.6,70,344.0,4.91,3,3,2,2,7,295.0,9,9,3,21,4,15,1,1,5,51.0,0,0,0,35:40,22,oti
2006,8,2006-10-29,6,1,HOU,W,28,0,7,15,46.7,86.0,1,5.7,7.07,87.1,1,27,111.0,1,4.1,43,197.0,4.58,0,0,4,4,8,393.0,5,4,1,10,2,10,0,0,8,64.0,0,0,0,23:39,22,oti
2006,9,2006-11-05,6,0,JAX,L,7,0,15,36,41.7,154.0,1,4.3,1.08,29.2,1,32,108.0,0,3.4,69,262.0,3.8,0,0,1,1,7,327.0,8,5,1,14,5,18,1,2,4,20.0,0,3,3,29:49,37,oti
2006,10,2006-11-12,6,1,BAL,L,26,0,13,25,52.0,205.0,0,8.2,6.4,62.9,2,38,162.0,3,4.3,65,367.0,5.65,3,1,3,3,5,256.0,11,7,1,19,5,15,0,1,3,20.0,0,1,1,30:44,27,oti
2006,11,2006-11-19,6,0,PHI,W,31,0,8,22,36.4,84.0,1,3.8,4.73,63.4,3,32,209.0,1,6.5,57,293.0,5.14,1,1,4,4,7,290.0,4,8,1,13,4,13,0,1,2,15.0,1,0,1,23:38,13,oti
2006,12,2006-11-26,6,1,NYG,W,24,0,24,35,68.6,235.0,2,6.7,7.86,106.2,2,25,108.0,1,4.3,62,343.0,5.53,2,1,3,3,4,182.0,12,7,1,20,3,10,1,3,3,30.0,2,0,2,26:23,21,oti
2006,13,2006-12-03,6,1,IND,W,20,0,15,25,60.0,163.0,2,6.5,4.52,72.6,0,35,219.0,0,6.3,60,382.0,6.37,2,2,2,2,3,112.0,9,12,0,21,8,13,0,0,5,34.0,0,2,2,29:05,17,oti
2006,14,2006-12-10,6,0,HOU,W,26,1,19,29,65.5,200.0,0,6.9,5.34,71.0,2,33,218.0,3,6.6,64,418.0,6.53,2,2,2,2,5,210.0,7,12,3,22,5,13,0,0,8,66.0,1,1,2,34:37,20,oti
2006,15,2006-12-17,6,1,JAX,W,24,0,8,15,53.3,57.0,0,3.8,3.8,62.4,3,16,41.0,0,2.6,34,98.0,2.88,2,1,3,3,5,219.0,3,2,0,5,0,8,0,1,4,40.0,0,0,0,15:38,17,oti
2006,16,2006-12-24,6,0,BUF,W,30,0,13,20,65.0,181.0,2,9.1,11.05,127.3,1,40,215.0,1,5.4,61,396.0,6.49,3,3,3,3,4,118.0,9,7,2,18,6,15,1,1,11,81.0,0,0,0,33:18,29,oti
2006,17,2006-12-31,6,1,NWE,L,23,0,15,36,41.7,207.0,0,5.8,3.25,37.6,5,25,135.0,1,5.4,66,342.0,5.18,4,3,2,2,4,165.0,9,4,4,17,4,14,0,1,10,119.0,1,2,3,30:17,40,oti
2007,1,2007-09-09,6,0,JAX,W,13,0,11,18,61.1,68.0,0,3.8,1.28,45.6,2,49,282.0,1,5.8,69,350.0,5.07,2,2,1,1,3,90.0,5,15,2,22,6,12,0,1,4,29.0,1,1,2,36:55,10,oti
2007,2,2007-09-16,6,1,IND,L,20,0,17,27,63.0,172.0,1,6.4,7.11,93.4,3,34,141.0,1,4.1,64,313.0,4.89,2,2,2,2,3,118.0,9,9,1,19,7,14,0,2,4,40.0,2,0,2,30:14,22,oti
2007,3,2007-09-24,0,0,NOR,W,31,0,18,26,69.2,186.0,2,7.2,6.96,99.2,0,34,98.0,1,2.9,60,284.0,4.73,2,1,4,4,3,121.0,11,7,1,19,5,11,1,1,8,49.0,0,1,1,33:06,14,oti
2007,5,2007-10-07,6,1,ATL,W,20,0,20,33,60.6,157.0,0,4.8,0.67,34.5,0,32,92.0,1,2.9,65,249.0,3.83,3,2,2,2,3,132.0,11,5,4,20,6,13,0,2,6,40.0,2,3,5,29:49,13,oti
2007,6,2007-10-14,6,0,TAM,L,10,0,21,34,61.8,221.0,0,6.5,5.18,68.4,3,33,96.0,1,2.9,70,317.0,4.53,1,1,1,1,5,203.0,16,3,1,20,9,16,0,0,8,49.0,2,1,3,37:37,13,oti
2007,7,2007-10-21,6,0,HOU,W,38,0,25,42,59.5,267.0,0,6.4,6.36,78.2,1,39,155.0,2,4.0,82,422.0,5.15,8,8,2,2,4,151.0,15,7,1,23,6,17,0,0,6,45.0,2,0,2,36:43,36,oti
2007,8,2007-10-28,6,1,OAK,W,13,0,6,14,42.9,26.0,0,1.9,1.86,50.3,2,36,192.0,1,5.3,52,218.0,4.19,2,2,1,1,8,377.0,3,8,0,11,3,13,0,0,7,62.0,0,0,0,27:23,9,oti
2007,9,2007-11-04,6,1,CAR,W,20,0,14,23,60.9,96.0,0,4.2,0.26,34.0,3,43,140.0,2,3.3,69,236.0,3.42,2,2,2,2,5,204.0,7,10,3,20,6,14,0,0,10,89.0,2,2,4,33:02,7,oti
2007,10,2007-11-11,6,1,JAX,L,13,0,24,41,58.5,230.0,1,5.6,3.9,62.0,4,19,62.0,0,3.3,64,292.0,4.56,2,2,1,1,5,220.0,14,2,1,17,4,15,1,3,9,56.0,1,2,3,25:37,28,oti
2007,11,2007-11-19,0,0,DEN,L,20,0,26,41,63.4,290.0,1,7.1,5.37,72.2,1,29,133.0,1,4.6,71,423.0,5.96,2,2,2,2,4,173.0,18,9,1,28,7,14,0,0,6,80.0,1,2,3,35:33,34,oti
2007,12,2007-11-25,6,0,CIN,L,6,0,19,31,61.3,244.0,0,7.9,6.42,72.5,1,18,61.0,0,3.4,50,305.0,6.1,2,2,0,0,3,98.0,8,2,0,10,2,10,0,2,6,55.0,1,1,2,21:30,35,oti
2007,13,2007-12-02,6,1,HOU,W,28,0,21,31,67.7,229.0,2,7.4,7.23,97.4,3,29,153.0,2,5.3,63,382.0,6.06,1,0,4,4,7,271.0,11,11,1,23,4,11,0,0,7,44.0,0,1,1,30:18,20,oti
2007,14,2007-12-09,6,1,SDG,L,17,1,14,24,58.3,109.0,0,4.5,0.79,34.9,2,37,131.0,2,3.5,63,240.0,3.81,2,1,2,2,8,353.0,6,7,0,13,6,17,0,0,4,21.0,0,2,2,36:13,23,oti
2007,15,2007-12-16,6,0,KAN,W,26,0,16,26,61.5,179.0,2,6.9,8.42,107.7,1,36,148.0,0,4.1,63,327.0,5.19,4,4,2,2,4,180.0,9,10,0,19,3,11,0,0,5,35.0,0,0,0,30:42,17,oti
2007,16,2007-12-23,6,1,NYJ,W,10,0,12,22,54.5,146.0,0,6.6,4.59,56.2,3,36,127.0,1,3.5,61,273.0,4.48,1,1,1,1,5,221.0,10,7,0,17,7,14,0,0,5,39.0,1,1,2,29:49,6,oti
2007,17,2007-12-30,6,0,IND,W,16,0,24,31,77.4,258.0,0,8.3,8.32,101.3,1,39,98.0,1,2.5,71,356.0,5.01,3,3,1,1,3,148.0,18,6,1,25,8,15,0,0,6,40.0,2,0,2,35:32,10,oti
2008,1,2008-09-07,6,1,JAX,W,17,0,14,24,58.3,172.0,1,7.2,4.25,59.7,1,32,137.0,1,4.3,57,309.0,5.42,1,1,2,2,7,300.0,6,7,1,14,3,13,0,1,5,36.0,0,2,2,28:40,10,oti
2008,2,2008-09-14,6,0,CIN,W,24,0,14,21,66.7,118.0,1,5.6,6.57,96.9,1,41,177.0,1,4.3,63,295.0,4.68,1,1,3,3,6,288.0,7,9,0,16,4,13,0,2,5,25.0,1,0,1,32:34,7,oti
2008,3,2008-09-21,6,1,HOU,W,31,0,13,25,52.0,185.0,1,7.4,6.4,72.9,0,37,158.0,2,4.3,62,343.0,5.53,1,1,4,4,6,268.0,10,9,0,19,5,13,1,1,8,75.0,1,1,2,29:19,12,oti
2008,4,2008-09-28,6,1,MIN,W,30,0,18,35,51.4,199.0,0,5.7,5.69,68.6,0,34,76.0,3,2.2,69,275.0,3.99,3,3,3,3,6,261.0,11,5,0,16,6,17,1,1,4,18.0,1,0,1,31:03,17,oti
2008,5,2008-10-05,6,0,BAL,W,13,0,17,32,53.1,163.0,1,5.1,2.91,52.0,0,22,47.0,0,2.1,54,210.0,3.89,2,2,1,1,4,156.0,11,1,2,14,6,13,0,0,10,78.0,0,2,2,25:32,10,oti
2008,7,2008-10-19,6,0,KAN,W,34,0,11,18,61.1,123.0,0,6.8,6.83,81.5,0,40,332.0,4,8.3,58,455.0,7.84,2,2,4,4,4,172.0,6,14,0,20,5,11,0,0,8,55.0,0,0,0,30:50,10,oti
2008,8,2008-10-27,0,1,IND,W,31,0,24,37,64.9,193.0,0,5.2,5.22,77.9,0,31,88.0,3,2.8,68,281.0,4.13,4,3,2,2,2,108.0,11,8,4,23,7,13,0,0,4,40.0,0,0,0,34:14,21,oti
2008,9,2008-11-02,6,1,GNB,W,19,1,18,37,48.6,169.0,0,4.6,4.57,61.7,2,36,178.0,1,4.9,75,347.0,4.63,5,4,1,1,6,259.0,9,10,1,20,7,17,0,0,2,15.0,0,0,0,31:21,16,oti
2008,10,2008-11-09,6,0,CHI,W,21,0,30,41,73.2,284.0,2,6.9,7.9,108.2,1,29,20.0,1,0.7,71,304.0,4.28,1,0,3,3,8,302.0,17,2,0,19,7,17,0,1,8,55.0,1,0,1,33:16,14,oti
2008,11,2008-11-16,6,0,JAX,W,24,0,13,23,56.5,230.0,3,10.0,10.65,112.3,1,33,114.0,0,3.5,57,344.0,6.04,1,1,3,3,8,344.0,8,4,1,13,1,12,0,0,10,63.0,0,1,1,27:33,14,oti
2008,12,2008-11-23,6,1,NYJ,L,13,0,21,39,53.8,236.0,1,6.1,6.56,80.7,1,11,45.0,0,4.1,51,281.0,5.51,2,2,1,1,5,211.0,14,1,1,16,4,11,0,0,8,60.0,1,0,1,19:30,34,oti
2008,13,2008-11-27,3,0,DET,W,47,0,12,19,63.2,164.0,0,8.6,8.63,90.7,1,46,292.0,4,6.3,66,456.0,6.91,4,4,5,5,3,143.0,6,12,1,19,8,16,0,0,9,65.0,1,0,1,36:54,10,oti
2008,14,2008-12-07,6,1,CLE,W,28,0,14,23,60.9,155.0,2,6.7,4.57,73.6,0,43,235.0,2,5.5,66,390.0,5.91,0,0,4,4,4,139.0,8,11,2,21,7,13,1,2,13,131.0,1,2,3,33:46,9,oti
2008,15,2008-12-14,6,0,HOU,L,12,0,15,33,45.5,181.0,0,5.5,4.12,50.2,0,24,100.0,0,4.2,57,281.0,4.93,4,4,0,0,5,210.0,5,6,3,14,2,13,0,1,7,64.0,1,1,2,23:38,13,oti
2008,16,2008-12-21,6,1,PIT,W,31,0,20,29,69.0,205.0,1,7.1,7.76,100.5,1,31,117.0,2,3.8,61,322.0,5.28,1,1,4,4,7,278.0,9,6,1,16,3,14,2,2,4,45.0,0,0,0,29:09,14,oti
2008,17,2008-12-28,6,0,IND,L,0,0,11,17,64.7,42.0,0,2.5,2.47,68.5,3,18,83.0,0,4.6,38,125.0,3.29,1,0,0,0,6,286.0,5,3,0,8,3,10,0,0,3,30.0,0,0,0,21:40,23,oti
2009,1,2009-09-10,3,0,PIT,L,10,1,22,35,62.9,234.0,1,6.7,5.97,79.9,1,25,86.0,0,3.4,61,320.0,5.25,3,1,1,1,5,223.0,14,2,2,18,4,13,0,0,5,28.0,1,1,2,28:21,13,oti
2009,2,2009-09-20,6,1,HOU,L,31,0,21,33,63.6,209.0,2,6.3,6.18,89.1,2,25,240.0,2,9.6,60,449.0,7.48,1,1,4,4,5,239.0,10,7,2,19,5,11,0,1,8,64.0,1,1,2,25:57,34,oti
2009,3,2009-09-27,6,0,NYJ,L,17,0,15,37,40.5,159.0,1,4.3,2.41,40.3,2,30,127.0,1,4.2,69,286.0,4.14,1,1,2,2,7,303.0,9,8,0,17,4,14,0,2,3,15.0,2,2,4,27:22,24,oti
2009,4,2009-10-04,6,0,JAX,L,17,0,29,48,60.4,284.0,1,5.9,4.46,66.7,0,19,95.0,1,5.0,67,379.0,5.66,1,1,0,0,5,211.0,13,5,1,19,8,16,1,2,6,68.0,1,2,3,25:53,37,oti
2009,5,2009-10-11,6,1,IND,L,9,0,19,35,54.3,155.0,0,4.4,3.14,53.9,1,21,90.0,0,4.3,57,245.0,4.3,3,3,0,0,4,146.0,9,2,1,12,5,14,0,1,9,89.0,1,1,2,26:22,31,oti
2009,6,2009-10-18,6,0,NWE,L,0,0,2,14,14.3,-7.0,0,-0.5,-6.93,0.0,0,36,193.0,0,5.4,50,186.0,3.72,0,0,0,0,6,208.0,1,6,2,9,2,10,0,2,6,55.0,3,2,5,21:00,59,oti
2009,8,2009-11-01,6,1,JAX,W,30,0,15,18,83.3,125.0,1,6.9,8.06,114.1,0,49,305.0,2,6.2,67,430.0,6.42,3,3,3,3,4,193.0,8,12,0,20,8,15,0,0,4,20.0,0,0,0,39:43,13,oti
2009,9,2009-11-08,6,0,SFO,W,34,0,12,20,60.0,163.0,0,8.2,8.15,86.0,1,34,152.0,3,4.5,55,315.0,5.73,2,2,4,4,5,217.0,7,7,0,14,4,12,1,1,8,58.0,0,0,0,26:10,27,oti
2009,10,2009-11-15,6,1,BUF,W,41,0,17,25,68.0,210.0,1,8.4,7.4,90.4,0,35,168.0,2,4.8,60,378.0,6.3,3,2,5,5,3,119.0,10,8,2,20,11,17,0,0,8,75.0,0,1,1,31:20,17,oti
2009,11,2009-11-23,0,0,HOU,W,20,0,12,22,54.5,116.0,1,5.3,6.18,84.7,0,42,228.0,1,5.4,64,344.0,5.38,3,2,2,2,4,176.0,6,12,4,22,6,13,0,0,5,25.0,1,0,1,32:19,17,oti
2009,12,2009-11-29,6,1,ARI,W,20,0,27,43,62.8,369.0,1,8.6,9.05,97.9,4,23,163.0,1,7.1,70,532.0,7.6,2,2,2,2,4,184.0,16,4,0,20,6,16,4,4,6,38.0,1,0,1,31:07,17,oti
2009,13,2009-12-06,6,0,IND,L,17,0,24,43,55.8,233.0,2,5.4,5.3,77.0,1,33,142.0,0,4.3,77,375.0,4.87,1,1,2,2,2,78.0,15,8,1,24,8,15,0,3,4,50.0,1,1,2,32:59,27,oti
2009,14,2009-12-13,6,1,STL,W,47,0,17,27,63.0,286.0,2,10.6,12.07,123.4,0,30,160.0,2,5.3,57,446.0,7.82,4,4,5,5,3,115.0,11,8,0,19,4,13,3,3,4,40.0,1,0,1,28:03,7,oti
2009,15,2009-12-20,6,1,MIA,W,27,1,14,27,51.9,236.0,3,8.7,9.3,103.3,2,31,128.0,0,4.1,60,364.0,6.07,2,2,3,3,5,244.0,9,7,3,19,6,13,0,0,4,46.0,1,1,2,29:19,24,oti
2009,16,2009-12-25,4,1,SDG,L,17,0,8,21,38.1,88.0,0,4.2,-0.1,11.7,1,27,182.0,2,6.7,49,270.0,5.51,1,1,2,2,3,125.0,6,10,1,17,2,8,1,1,9,74.0,1,2,3,20:53,42,oti
2009,17,2010-01-03,6,0,SEA,W,17,0,17,28,60.7,171.0,0,6.1,4.5,63.2,0,39,133.0,2,3.4,67,304.0,4.54,2,1,2,2,4,214.0,10,9,0,19,6,14,2,2,9,76.0,1,1,2,32:22,13,oti
2010,1,2010-09-12,6,1,OAK,W,38,0,13,17,76.5,140.0,2,8.2,10.59,139.3,2,39,205.0,3,5.3,58,345.0,5.95,1,1,5,5,4,200.0,6,10,1,17,8,15,0,0,8,81.0,1,0,1,31:04,13,oti
2010,2,2010-09-19,6,1,PIT,L,11,0,24,35,68.6,192.0,1,5.5,2.2,55.9,4,22,46.0,0,2.1,61,238.0,3.9,1,1,0,0,5,244.0,12,2,0,14,4,14,1,1,11,72.0,4,3,7,26:20,19,oti
2010,3,2010-09-26,6,0,NYG,W,29,0,10,16,62.5,110.0,1,6.9,8.13,103.6,1,41,161.0,2,3.9,58,271.0,4.67,2,2,3,3,5,214.0,8,7,2,17,6,13,0,0,8,80.0,0,0,0,28:22,10,oti
2010,4,2010-10-03,6,1,DEN,L,20,0,17,28,60.7,167.0,1,6.0,6.68,89.4,2,22,121.0,0,5.5,52,288.0,5.54,3,2,2,2,6,245.0,8,3,2,13,3,12,0,0,10,111.0,2,0,2,24:42,26,oti
2010,5,2010-10-10,6,0,DAL,W,34,0,12,25,48.0,163.0,2,6.5,8.12,95.9,3,27,158.0,2,5.9,55,321.0,5.84,2,2,4,4,5,174.0,7,7,3,17,4,12,0,0,4,40.0,0,0,0,23:16,27,oti
2010,6,2010-10-18,0,0,JAX,W,30,0,14,21,66.7,171.0,2,8.1,10.05,123.3,0,39,153.0,1,3.9,60,324.0,5.4,3,3,3,3,2,98.0,10,8,2,20,8,14,1,1,8,57.0,0,0,0,32:45,3,oti
2010,7,2010-10-24,6,1,PHI,W,37,0,17,31,54.8,253.0,3,8.2,7.19,87.2,3,26,75.0,0,2.9,60,328.0,5.47,3,3,4,4,4,192.0,8,4,3,15,4,13,0,0,6,37.0,1,2,3,26:36,19,oti
2010,8,2010-10-31,6,0,SDG,L,25,0,18,36,50.0,305.0,2,8.5,9.58,97.6,0,19,65.0,1,3.4,55,370.0,6.73,1,1,2,2,6,279.0,11,2,2,15,4,13,1,2,10,80.0,0,0,0,22:13,33,oti
2010,10,2010-11-14,6,0,MIA,L,17,0,18,38,47.4,124.0,1,3.3,2.61,53.0,2,25,135.0,1,5.4,65,259.0,3.98,1,1,2,2,5,209.0,9,4,2,15,5,16,0,1,5,55.0,2,1,3,26:56,29,oti
2010,11,2010-11-21,6,1,WAS,L,16,1,15,25,60.0,222.0,0,8.9,7.08,72.4,1,25,151.0,0,6.0,51,373.0,7.31,3,3,1,1,5,169.0,8,7,0,15,3,11,0,0,11,81.0,1,1,2,26:34,19,oti
2010,12,2010-11-28,6,0,HOU,L,0,0,17,31,54.8,138.0,0,4.5,0.1,26.7,1,12,24.0,0,2.0,44,162.0,3.68,0,0,0,0,7,328.0,6,1,2,9,3,11,0,0,10,79.0,0,3,3,20:19,20,oti
2010,13,2010-12-05,6,1,JAX,L,6,0,14,32,43.8,163.0,0,5.1,2.28,33.7,1,14,57.0,0,4.1,47,220.0,4.68,2,2,0,0,2,72.0,8,2,1,11,2,11,1,3,4,30.0,0,2,2,20:06,17,oti
2010,14,2010-12-09,3,1,IND,L,28,0,28,39,71.8,244.0,3,6.3,7.79,113.6,0,25,121.0,1,4.8,64,365.0,5.7,0,0,4,4,4,165.0,16,6,0,22,5,11,1,2,5,29.0,2,0,2,27:29,30,oti
2010,15,2010-12-19,6,1,HOU,W,31,0,14,24,58.3,212.0,2,8.8,8.63,97.9,3,30,147.0,2,4.9,57,359.0,6.3,1,1,4,4,4,150.0,12,6,1,19,3,11,2,2,12,76.0,0,1,1,27:31,17,oti
2010,16,2010-12-26,6,0,KAN,L,14,0,14,37,37.8,213.0,2,5.8,4.41,53.1,3,16,57.0,0,3.6,56,270.0,4.82,0,0,2,2,8,352.0,12,1,3,16,3,12,0,1,9,74.0,0,2,2,20:56,34,oti
2010,17,2011-01-02,6,0,IND,L,20,0,28,39,71.8,290.0,2,7.4,8.46,110.0,1,24,51.0,0,2.1,64,341.0,5.33,3,2,2,2,5,211.0,14,3,0,17,6,15,1,1,7,58.0,1,0,1,31:17,23,oti
2011,1,2011-09-11,6,0,JAX,L,14,0,21,34,61.8,249.0,2,7.3,7.18,91.4,2,13,43.0,0,3.3,49,292.0,5.96,1,0,2,2,7,291.0,11,1,1,13,4,11,0,0,7,60.0,0,1,1,20:22,16,oti
2011,2,2011-09-18,6,1,BAL,W,26,0,30,42,71.4,358.0,1,8.5,7.93,95.1,0,29,74.0,1,2.6,71,432.0,6.08,5,4,2,2,3,119.0,16,3,2,21,7,17,2,2,6,70.0,0,1,1,35:52,13,oti
2011,3,2011-09-25,6,1,DEN,W,17,0,27,36,75.0,295.0,2,8.2,9.31,117.2,2,23,38.0,0,1.7,61,333.0,5.46,1,1,2,2,4,176.0,14,2,1,17,8,15,1,1,11,80.0,2,0,2,30:54,14,oti
2011,4,2011-10-02,6,0,CLE,W,31,0,10,21,47.6,220.0,3,10.5,11.19,105.2,0,29,112.0,0,3.9,50,332.0,6.64,1,1,4,4,6,237.0,7,6,0,13,4,12,0,0,5,45.0,0,1,1,23:07,13,oti
2011,5,2011-10-09,6,0,PIT,L,17,0,29,49,59.2,240.0,1,4.9,4.39,70.1,3,18,66.0,1,3.7,70,306.0,4.37,1,1,2,2,4,169.0,11,6,3,20,7,15,1,2,9,70.0,0,1,1,27:38,38,oti
2011,7,2011-10-23,6,1,HOU,L,7,0,15,31,48.4,95.0,1,3.1,0.81,39.0,2,15,53.0,0,3.5,48,148.0,3.08,0,0,1,1,7,319.0,6,2,3,11,2,10,1,1,8,76.0,0,2,2,22:02,41,oti
2011,8,2011-10-30,6,1,IND,W,27,0,23,33,69.7,215.0,1,6.5,7.12,97.4,1,31,96.0,1,3.1,65,311.0,4.78,2,2,3,3,8,330.0,11,4,2,17,7,17,0,0,3,40.0,0,0,0,31:28,10,oti
2011,9,2011-11-06,6,1,CIN,L,17,0,24,41,58.5,250.0,2,6.1,7.07,92.5,2,20,78.0,0,3.9,63,328.0,5.21,1,1,2,2,7,320.0,14,3,2,19,5,14,1,1,7,100.0,1,0,1,27:05,24,oti
2011,10,2011-11-13,6,0,CAR,W,30,0,15,27,55.6,211.0,1,7.8,6.89,77.9,1,35,172.0,1,4.9,63,383.0,6.08,3,3,3,3,5,221.0,9,8,5,22,3,13,0,0,9,92.0,0,1,1,32:36,3,oti
2011,11,2011-11-20,6,0,ATL,L,17,0,22,44,50.0,257.0,2,5.8,5.73,73.8,1,14,41.0,0,2.9,59,298.0,5.05,1,1,2,2,5,225.0,13,4,0,17,8,14,1,1,10,86.0,0,1,1,23:01,23,oti
2011,12,2011-11-27,6,1,TAM,W,23,0,19,34,55.9,150.0,1,4.4,2.35,52.3,2,35,202.0,0,5.8,71,352.0,4.96,4,3,2,2,3,88.0,10,8,0,18,7,17,1,2,5,50.0,2,2,4,33:23,17,oti
2011,13,2011-12-04,6,0,BUF,W,23,0,16,25,64.0,130.0,0,5.2,5.2,77.1,1,31,187.0,2,6.0,57,317.0,5.56,3,3,2,2,5,239.0,6,12,0,18,2,11,1,1,3,20.0,0,0,0,28:14,17,oti
2011,14,2011-12-11,6,1,NOR,L,17,0,18,36,50.0,314.0,1,8.7,9.28,89.4,2,17,59.0,1,3.5,55,373.0,6.78,1,1,2,2,5,226.0,10,5,2,17,1,10,1,2,8,54.0,0,0,0,22:27,22,oti
2011,15,2011-12-18,6,0,IND,L,13,0,38,56,67.9,322.0,1,5.8,4.5,73.7,1,19,66.0,0,3.5,76,388.0,5.11,2,2,1,1,7,329.0,18,2,1,21,6,16,0,1,7,70.0,1,2,3,31:57,27,oti
2011,16,2011-12-24,5,1,JAX,W,23,0,24,40,60.0,342.0,1,8.6,6.8,75.2,1,25,65.0,1,2.6,66,407.0,6.17,3,3,2,2,4,172.0,14,3,3,20,3,12,0,0,0,0.0,1,2,3,30:59,17,oti
2011,17,2012-01-01,6,0,HOU,W,23,0,22,35,62.9,275.0,2,7.9,9.0,106.2,3,22,86.0,0,3.9,60,361.0,6.02,3,3,2,2,6,286.0,15,2,0,17,6,14,0,0,6,47.0,1,0,1,25:22,22,oti
2012,1,2012-09-09,6,1,NWE,L,13,0,29,43,67.4,264.0,1,6.1,5.56,81.9,2,16,20.0,0,1.3,61,284.0,4.66,2,2,1,1,4,209.0,13,1,2,16,5,14,1,2,3,30.0,1,1,2,28:59,34,oti
2012,2,2012-09-16,6,0,SDG,L,10,0,15,30,50.0,174.0,1,5.8,4.97,65.1,0,10,38.0,0,3.8,40,212.0,5.3,1,1,1,1,7,361.0,7,1,1,9,1,9,0,0,8,59.0,0,1,1,16:21,38,oti
2012,3,2012-09-23,6,1,DET,W,44,1,29,42,69.0,378.0,2,9.0,9.95,113.0,0,19,59.0,0,3.1,61,437.0,7.16,5,3,5,5,1,41.0,13,4,4,21,5,12,0,0,6,32.0,2,0,2,27:49,41,oti
2012,4,2012-09-30,6,0,HOU,L,14,0,17,27,63.0,167.0,2,6.2,4.33,74.2,4,29,158.0,0,5.4,60,325.0,5.42,0,0,2,2,7,326.0,9,8,0,17,4,12,1,1,7,73.0,1,2,3,27:34,38,oti
2012,5,2012-10-07,6,0,MIN,L,7,0,29,48,60.4,215.0,1,4.5,3.96,69.4,2,19,52.0,0,2.7,69,267.0,3.87,0,0,1,1,6,256.0,14,3,1,18,8,17,1,2,10,75.0,1,1,2,26:54,30,oti
2012,6,2012-10-11,3,1,PIT,W,26,0,25,44,56.8,265.0,1,6.0,5.45,72.6,3,22,94.0,1,4.3,69,359.0,5.2,4,4,2,2,5,261.0,16,3,2,21,9,16,0,0,5,45.0,0,1,1,30:03,23,oti
2012,7,2012-10-21,6,0,BUF,W,35,0,22,33,66.7,193.0,1,5.8,6.45,92.1,2,27,197.0,4,7.3,62,390.0,6.29,0,0,5,5,3,124.0,12,7,2,21,9,14,1,2,3,25.0,0,0,0,29:41,34,oti
2012,8,2012-10-28,6,1,IND,L,13,1,22,29,75.9,227.0,1,7.8,8.52,109.4,2,25,112.0,0,4.5,56,339.0,6.05,3,2,1,1,3,130.0,11,7,2,20,5,11,0,0,8,65.0,0,0,0,30:53,19,oti
2012,9,2012-11-04,6,1,CHI,L,20,0,20,35,57.1,180.0,1,5.1,4.43,68.7,2,18,159.0,1,8.8,55,339.0,6.16,1,1,1,1,7,299.0,8,4,0,12,3,12,0,1,9,68.0,4,1,5,22:59,51,oti
2012,10,2012-11-11,6,0,MIA,W,37,0,9,22,40.9,116.0,2,5.3,7.09,88.4,1,37,177.0,1,4.8,60,293.0,4.88,3,3,4,4,4,208.0,7,10,0,17,8,17,1,1,4,39.0,0,0,0,33:13,3,oti
2012,12,2012-11-25,6,0,JAX,L,19,0,23,40,57.5,250.0,1,6.3,4.5,63.5,1,29,110.0,0,3.8,70,360.0,5.14,5,4,1,1,4,201.0,15,3,2,20,6,15,0,0,6,42.0,0,2,2,30:37,24,oti
2012,13,2012-12-02,6,1,HOU,L,10,0,21,45,46.7,265.0,1,5.9,3.33,45.1,6,17,89.0,0,5.2,68,354.0,5.21,1,1,1,1,6,303.0,12,2,3,17,4,15,0,2,4,35.0,3,3,6,26:12,24,oti
2012,14,2012-12-09,6,0,IND,L,23,0,22,35,62.9,259.0,1,7.4,5.4,71.0,1,24,97.0,0,4.0,60,356.0,5.93,4,3,2,2,3,165.0,10,4,3,17,4,11,0,0,9,70.0,0,2,2,28:37,27,oti
2012,15,2012-12-17,0,1,NYJ,W,14,0,13,22,59.1,127.0,0,5.8,5.77,75.4,4,30,167.0,2,5.6,56,294.0,5.25,1,0,2,2,10,391.0,8,4,0,12,2,13,0,0,14,111.0,0,0,0,29:44,10,oti
2012,16,2012-12-23,6,0,GNB,L,7,0,13,30,43.3,101.0,1,3.4,1.03,35.6,7,22,79.0,0,3.6,59,180.0,3.05,0,0,1,1,8,376.0,7,3,0,10,4,15,0,2,5,35.0,0,2,2,25:36,55,oti
2012,17,2012-12-30,6,1,JAX,W,38,0,9,15,60.0,142.0,0,9.5,9.47,91.5,2,34,79.0,1,2.3,51,221.0,4.33,1,1,5,5,5,204.0,4,6,2,12,6,14,0,2,5,43.0,0,0,0,27:39,20,oti
2013,1,2013-09-08,6,0,PIT,W,16,0,11,20,55.0,117.0,0,5.9,5.85,72.3,1,42,112.0,1,2.7,63,229.0,3.63,3,3,1,1,5,208.0,6,10,1,17,6,15,1,1,6,60.0,0,0,0,34:01,9,oti
2013,2,2013-09-15,6,0,HOU,L,24,1,17,30,56.7,129.0,2,4.3,5.63,89.4,4,33,119.0,0,3.6,67,248.0,3.7,2,1,3,3,8,382.0,6,6,2,14,4,16,0,1,9,70.0,0,0,0,31:14,30,oti
2013,3,2013-09-22,6,1,SDG,W,20,0,23,37,62.2,282.0,1,7.6,8.16,94.7,2,29,170.0,1,5.9,68,452.0,6.65,3,2,2,2,3,140.0,14,9,0,23,6,14,1,2,11,116.0,0,0,0,31:38,17,oti
2013,4,2013-09-29,6,1,NYJ,W,38,0,21,32,65.6,244.0,4,7.6,10.13,128.1,2,31,78.0,0,2.5,65,322.0,4.95,1,1,5,5,7,293.0,11,4,2,17,10,18,0,0,4,30.0,0,0,0,30:38,13,oti
2013,5,2013-10-06,6,1,KAN,L,17,0,21,41,51.2,234.0,1,5.7,4.0,56.4,3,22,105.0,1,4.8,66,339.0,5.14,2,1,2,2,6,272.0,12,4,3,19,4,14,2,3,6,35.0,1,2,3,28:43,26,oti
2013,6,2013-10-13,6,0,SEA,L,13,0,17,29,58.6,157.0,0,5.4,2.31,44.8,3,20,66.0,0,3.3,52,223.0,4.29,2,2,1,1,4,140.0,8,3,2,13,4,12,1,2,7,44.0,0,2,2,26:38,20,oti
2013,7,2013-10-20,6,1,SFO,L,17,0,25,41,61.0,298.0,2,7.3,7.15,89.3,3,13,70.0,0,5.4,57,368.0,6.46,1,1,2,2,6,263.0,12,2,1,15,5,14,0,0,10,100.0,1,1,2,24:14,31,oti
2013,9,2013-11-03,6,0,STL,W,28,0,13,22,59.1,165.0,0,7.5,3.41,44.7,4,35,198.0,4,5.7,61,363.0,5.95,0,0,4,4,5,228.0,8,11,3,22,7,12,0,0,3,30.0,0,2,2,27:09,21,oti
2013,10,2013-11-10,6,1,JAX,L,27,0,26,42,61.9,279.0,2,6.6,6.52,87.3,1,27,83.0,1,3.1,70,362.0,5.17,2,2,3,3,5,219.0,13,4,2,19,10,18,0,0,6,45.0,3,1,4,30:36,29,oti
2013,11,2013-11-14,3,1,IND,L,27,0,22,28,78.6,218.0,1,7.8,8.5,111.0,2,24,122.0,2,5.1,54,340.0,6.3,2,2,3,3,3,117.0,10,7,3,20,6,11,0,0,4,34.0,1,0,1,27:37,30,oti
2013,12,2013-11-24,6,0,OAK,W,23,0,30,42,71.4,312.0,2,7.4,8.38,108.4,2,29,114.0,0,3.9,73,426.0,5.84,3,3,2,2,5,163.0,16,4,2,22,10,18,0,0,10,100.0,0,0,0,35:48,19,oti
2013,13,2013-12-01,6,0,IND,L,14,0,21,37,56.8,185.0,1,5.0,1.89,45.4,1,36,162.0,1,4.5,74,347.0,4.69,0,0,2,2,6,222.0,11,10,3,24,6,15,1,1,6,74.0,1,3,4,33:55,22,oti
2013,14,2013-12-08,6,0,DEN,L,28,0,13,24,54.2,158.0,1,6.6,5.54,71.2,2,22,96.0,3,4.4,48,254.0,5.29,0,0,4,4,4,201.0,6,8,1,15,2,9,2,3,8,66.0,1,1,2,20:40,51,oti
2013,15,2013-12-15,6,1,ARI,L,34,1,36,58,62.1,394.0,4,6.8,6.62,90.7,3,19,66.0,0,3.5,80,460.0,5.75,3,2,4,4,3,145.0,23,3,6,32,7,14,0,0,3,16.0,1,2,3,33:44,37,oti
2013,16,2013-12-22,6,0,JAX,W,20,0,17,26,65.4,164.0,1,6.3,5.35,79.6,3,44,182.0,1,4.1,73,346.0,4.74,2,2,2,2,3,140.0,10,10,2,22,3,13,3,4,1,4.0,0,1,1,35:39,16,oti
2013,17,2013-12-29,6,1,HOU,W,16,0,15,24,62.5,160.0,0,6.7,4.79,64.6,1,36,151.0,1,4.2,61,311.0,5.1,3,3,1,1,6,253.0,6,8,3,17,4,14,0,0,7,76.0,0,1,1,32:15,10,oti
2014,1,2014-09-07,6,0,KAN,W,26,0,22,33,66.7,243.0,2,7.4,8.58,108.5,4,38,162.0,0,4.3,75,405.0,5.4,4,4,2,2,6,304.0,18,5,1,24,7,16,0,0,12,110.0,0,0,0,37:44,10,oti
2014,2,2014-09-14,6,1,DAL,L,10,0,18,34,52.9,232.0,1,6.8,4.76,59.9,2,13,82.0,0,6.3,49,314.0,6.41,1,1,1,1,5,225.0,9,4,0,13,2,10,0,1,5,30.0,0,2,2,18:49,26,oti
2014,3,2014-09-21,6,0,CIN,L,7,0,17,34,50.0,177.0,0,5.2,2.56,40.9,2,28,149.0,1,5.3,64,326.0,5.09,2,0,1,1,4,141.0,7,11,4,22,2,12,1,2,11,99.0,0,2,2,31:16,33,oti
2014,4,2014-09-28,6,0,IND,L,17,0,14,28,50.0,176.0,1,6.3,3.79,52.1,3,16,85.0,1,5.3,47,261.0,5.55,1,1,2,2,6,265.0,9,4,3,16,1,9,0,0,6,68.0,1,2,3,17:39,41,oti
2014,5,2014-10-05,6,1,CLE,L,28,0,21,32,65.6,261.0,3,8.2,10.03,122.0,3,30,149.0,1,5.0,65,410.0,6.31,0,0,4,4,5,188.0,11,8,3,22,8,14,0,1,7,68.0,0,0,0,30:43,29,oti
2014,6,2014-10-12,6,1,JAX,W,16,0,17,28,60.7,220.0,0,7.9,7.86,85.4,3,24,70.0,1,2.9,55,290.0,5.27,3,3,1,1,5,249.0,9,3,2,14,3,11,0,0,5,48.0,0,0,0,28:53,14,oti
2014,7,2014-10-19,6,0,WAS,L,17,0,17,26,65.4,160.0,2,6.2,5.96,91.8,1,22,76.0,0,3.5,49,236.0,4.82,1,1,2,2,5,196.0,6,5,3,14,3,11,1,1,11,96.0,1,1,2,30:56,19,oti
2014,8,2014-10-26,6,1,HOU,L,16,0,27,41,65.9,290.0,2,7.1,6.95,92.5,2,13,36.0,0,2.8,56,326.0,5.82,1,1,1,1,6,310.0,12,1,0,13,2,12,1,2,6,61.0,1,1,2,24:38,30,oti
2014,10,2014-11-09,6,0,BAL,L,7,0,16,27,59.3,143.0,1,5.3,4.37,70.4,5,22,67.0,0,3.0,54,210.0,3.89,0,0,1,1,8,414.0,11,3,0,14,4,12,0,0,9,67.0,1,1,2,29:13,21,oti
2014,11,2014-11-17,0,1,PIT,L,24,0,15,24,62.5,263.0,2,11.0,10.75,110.2,0,15,49.0,1,3.3,39,312.0,8.0,1,1,3,3,4,141.0,10,3,1,14,3,8,0,0,1,10.0,0,1,1,20:11,27,oti
2014,12,2014-11-23,6,0,PHI,L,24,0,20,39,51.3,299.0,2,7.7,7.54,83.2,5,19,52.0,1,2.7,63,351.0,5.57,1,1,3,3,6,294.0,11,4,1,16,2,12,1,2,7,56.0,2,1,3,26:48,43,oti
2014,13,2014-11-30,6,0,HOU,L,21,0,19,31,61.3,237.0,2,7.6,4.58,66.9,3,22,83.0,0,3.8,56,320.0,5.71,0,0,3,3,5,226.0,10,6,3,19,3,9,0,0,6,66.0,1,3,4,26:44,45,oti
2014,14,2014-12-07,6,1,NYG,L,7,0,23,35,65.7,146.0,0,4.2,1.6,50.4,8,14,61.0,0,4.4,57,207.0,3.63,1,0,1,1,6,284.0,9,2,1,12,2,13,1,3,5,39.0,1,2,3,25:17,36,oti
2014,15,2014-12-14,6,1,NYJ,L,11,0,16,35,45.7,253.0,0,7.2,7.23,70.3,1,28,89.0,0,3.2,64,342.0,5.34,3,3,0,0,6,295.0,11,4,2,17,6,16,0,1,9,76.0,1,0,1,29:57,16,oti
2014,16,2014-12-18,3,0,JAX,L,13,0,24,35,68.6,262.0,1,7.5,8.06,99.9,4,28,95.0,0,3.4,67,357.0,5.33,2,2,1,1,5,203.0,13,6,0,19,7,15,0,1,7,47.0,0,0,0,34:52,21,oti
2014,17,2014-12-28,6,1,IND,L,10,0,13,31,41.9,50.0,1,1.6,2.26,60.3,4,24,142.0,0,5.9,59,192.0,3.25,1,1,1,1,7,383.0,3,6,0,9,4,16,1,3,4,20.0,1,0,1,26:34,27,oti
2015,1,2015-09-13,6,0,TAM,W,42,0,13,15,86.7,185.0,4,12.3,17.67,157.6,2,32,124.0,1,3.9,49,309.0,6.31,0,0,6,6,4,189.0,11,7,2,20,4,9,0,0,8,55.0,1,0,1,31:30,14,oti
2015,2,2015-09-20,6,0,CLE,L,14,0,21,37,56.8,219.0,2,5.9,7.0,92.1,7,30,166.0,0,5.5,74,385.0,5.2,0,0,2,2,6,298.0,14,6,1,21,7,16,2,2,9,85.0,3,0,3,35:11,28,oti
2015,3,2015-09-27,6,1,IND,L,33,0,27,44,61.4,345.0,2,7.8,6.7,82.1,3,27,88.0,2,3.3,74,433.0,5.85,2,2,3,3,5,212.0,18,7,3,28,4,13,1,1,6,55.0,0,2,2,34:59,35,oti
2015,5,2015-10-11,6,1,BUF,L,13,0,21,32,65.6,179.0,0,5.6,4.19,67.1,2,28,97.0,1,3.5,62,276.0,4.45,2,2,1,1,6,251.0,10,4,3,17,5,13,0,0,9,74.0,0,1,1,35:31,14,oti
2015,6,2015-10-18,6,1,MIA,L,10,0,26,41,63.4,236.0,1,5.8,4.05,66.7,6,18,63.0,0,3.5,65,299.0,4.6,1,1,1,1,3,125.0,15,4,3,22,2,10,1,2,7,50.0,2,2,4,28:07,38,oti
2015,7,2015-10-25,6,1,ATL,L,7,0,22,35,62.9,179.0,1,5.1,3.11,61.5,1,16,77.0,0,4.8,52,256.0,4.92,0,0,1,1,7,305.0,10,5,0,15,1,9,0,1,5,45.0,0,2,2,25:15,10,oti
2015,8,2015-11-01,6,0,HOU,L,6,0,22,31,71.0,125.0,0,4.0,2.58,64.6,7,20,86.0,0,4.3,58,211.0,3.64,2,2,0,0,7,349.0,9,3,3,15,1,12,0,1,6,45.0,2,1,3,31:08,20,oti
2015,9,2015-11-08,6,0,NOR,W,34,1,28,39,71.8,371.0,4,9.5,11.56,135.7,0,28,112.0,0,4.0,67,483.0,7.21,3,2,2,2,5,253.0,19,3,3,25,5,13,0,0,9,66.0,1,0,1,32:21,28,oti
2015,10,2015-11-15,6,1,CAR,L,10,0,16,24,66.7,178.0,0,7.4,5.54,71.2,1,21,64.0,1,3.0,46,242.0,5.26,1,1,1,1,5,259.0,8,3,0,11,5,12,0,0,4,30.0,1,1,2,24:05,27,oti
2015,11,2015-11-19,3,0,JAX,L,13,0,22,35,62.9,212.0,0,6.1,6.06,79.7,4,26,104.0,1,4.0,65,316.0,4.86,3,2,1,1,5,226.0,13,4,5,22,5,13,0,0,6,59.0,1,0,1,31:35,19,oti
2015,12,2015-11-29,6,1,OAK,L,21,0,17,37,45.9,205.0,3,5.5,4.73,68.0,2,18,44.0,0,2.4,57,249.0,4.37,0,0,2,1,6,287.0,10,3,6,19,3,12,0,1,4,25.0,0,2,2,25:05,24,oti
2015,13,2015-12-06,6,1,JAX,W,42,0,20,29,69.0,257.0,3,8.9,9.38,116.6,4,35,210.0,2,6.0,68,467.0,6.87,0,0,6,6,3,133.0,13,9,4,26,8,13,0,0,4,38.0,1,1,2,33:34,39,oti
2015,14,2015-12-13,6,0,NYJ,L,8,0,22,40,55.0,268.0,1,6.7,6.08,73.7,5,13,24.0,0,1.8,58,292.0,5.03,0,0,0,0,6,289.0,14,0,1,15,3,14,1,3,3,20.0,0,1,1,24:04,30,oti
2015,15,2015-12-20,6,0,NWE,L,16,0,23,34,67.6,223.0,2,6.6,5.09,80.9,5,21,59.0,0,2.8,60,282.0,4.7,1,1,2,1,5,272.0,11,3,1,15,3,12,0,1,3,29.0,1,2,3,30:23,33,oti
2015,16,2015-12-27,6,1,HOU,L,6,0,27,51,52.9,227.0,1,4.5,3.96,63.1,1,11,30.0,0,2.7,63,257.0,4.08,0,0,0,0,9,427.0,12,1,0,13,4,16,1,1,4,43.0,3,1,4,23:47,34,oti
2015,17,2016-01-03,6,0,IND,L,24,0,15,27,55.6,94.0,1,3.5,2.56,59.8,4,27,137.0,2,5.1,58,231.0,3.98,1,1,3,3,6,300.0,8,4,2,14,4,14,1,2,6,60.0,0,1,1,26:43,30,oti
2016,1,2016-09-11,6,1,MIN,L,16,0,25,41,61.0,252.0,2,6.1,6.02,84.6,2,22,64.0,0,2.9,65,316.0,4.86,1,1,1,1,5,231.0,16,2,1,19,8,14,0,0,2,10.0,2,1,3,30:25,25,oti
2016,2,2016-09-18,6,0,DET,W,16,0,25,33,75.8,224.0,2,6.8,6.64,101.1,3,24,139.0,0,5.8,60,363.0,6.05,2,1,1,1,3,142.0,11,7,4,22,5,12,1,1,12,83.0,0,1,1,30:51,15,oti
2016,3,2016-09-25,6,1,OAK,L,10,0,17,33,51.5,212.0,0,6.4,3.7,46.5,1,29,181.0,1,6.2,63,393.0,6.24,1,1,1,1,6,311.0,9,10,0,19,2,12,0,1,8,70.0,1,2,3,30:57,17,oti
2016,4,2016-10-02,6,0,HOU,L,20,0,13,29,44.8,196.0,0,6.8,5.21,53.2,1,32,124.0,2,3.9,62,320.0,5.16,2,2,2,2,5,257.0,7,8,1,16,7,15,0,1,11,93.0,0,1,1,31:42,27,oti
2016,5,2016-10-09,6,0,MIA,W,30,0,20,29,69.0,163.0,3,5.6,7.69,117.5,0,41,235.0,1,5.7,70,398.0,5.69,1,1,4,3,5,175.0,8,13,2,23,5,12,0,1,5,40.0,0,0,0,36:44,17,oti
2016,6,2016-10-16,6,1,CLE,W,28,0,17,24,70.8,270.0,3,11.3,11.88,130.2,2,31,137.0,1,4.4,57,407.0,7.14,1,0,4,4,5,225.0,13,5,1,19,7,13,0,0,7,96.0,0,1,1,31:01,26,oti
2016,7,2016-10-23,6,1,IND,L,26,0,22,37,59.5,207.0,2,5.6,6.68,93.0,3,28,124.0,1,4.4,68,331.0,4.87,2,2,2,2,4,188.0,12,8,6,26,9,15,0,0,6,38.0,1,0,1,27:30,34,oti
2016,8,2016-10-27,3,1,JAX,W,36,0,19,23,82.6,280.0,2,12.2,13.91,146.4,0,43,214.0,2,5.0,66,494.0,7.48,3,3,4,3,4,155.0,12,11,2,25,9,15,0,0,7,54.0,0,0,0,34:25,22,oti
2016,9,2016-11-06,6,0,SDG,L,35,0,27,43,62.8,313.0,3,7.3,6.58,88.6,0,19,80.0,2,4.2,62,393.0,6.34,0,0,5,5,4,182.0,15,6,3,24,5,11,1,1,8,57.0,1,2,3,23:31,43,oti
2016,10,2016-11-13,6,1,GNB,W,47,0,20,27,74.1,292.0,5,10.8,14.52,148.5,1,31,154.0,1,5.0,59,446.0,7.56,2,2,5,5,4,166.0,13,3,3,19,7,14,0,1,7,65.0,0,0,0,29:31,25,oti
2016,11,2016-11-20,6,0,IND,L,17,0,25,38,65.8,254.0,2,6.7,7.74,102.3,5,27,97.0,0,3.6,70,351.0,5.01,1,1,2,2,5,219.0,14,3,3,20,5,14,1,3,11,109.0,0,0,0,31:01,24,oti
2016,12,2016-11-27,6,0,CHI,W,27,0,15,23,65.2,226.0,2,9.8,11.57,126.4,0,29,149.0,1,5.1,52,375.0,7.21,2,2,3,3,4,177.0,9,7,2,18,5,11,0,0,6,118.0,0,0,0,29:25,21,oti
2016,14,2016-12-11,6,1,DEN,W,13,0,6,21,28.6,73.0,0,3.5,3.48,41.6,2,42,180.0,1,4.3,65,253.0,3.89,2,2,1,1,7,308.0,4,11,1,16,6,16,0,0,5,55.0,0,0,0,32:27,10,oti
2016,15,2016-12-18,6,0,KAN,W,19,0,19,33,57.6,241.0,0,7.3,5.94,67.9,1,29,148.0,2,5.1,63,389.0,6.17,2,2,1,1,4,142.0,9,11,1,21,6,14,1,1,2,25.0,2,1,3,30:35,17,oti
2016,16,2016-12-24,5,0,JAX,L,17,0,21,44,47.7,205.0,2,4.7,4.55,67.0,3,20,58.0,0,2.9,67,263.0,3.93,1,1,2,2,7,313.0,14,4,1,19,5,14,0,1,6,49.0,0,1,1,27:29,38,oti
2016,17,2017-01-01,6,1,HOU,W,24,0,16,26,61.5,133.0,1,5.1,4.15,71.5,4,29,103.0,1,3.6,59,236.0,4.0,1,1,3,3,5,211.0,9,6,1,16,9,15,0,0,7,50.0,0,1,1,30:52,17,oti
2017,1,2017-09-10,6,1,OAK,L,16,0,25,41,61.0,255.0,0,6.2,6.22,78.8,1,21,95.0,1,4.5,63,350.0,5.56,4,3,1,1,4,188.0,15,5,1,21,7,14,0,0,5,49.0,0,0,0,28:21,26,oti
2017,2,2017-09-17,6,0,JAX,W,37,0,15,27,55.6,211.0,1,7.8,6.89,77.9,1,36,179.0,3,5.0,64,390.0,6.09,3,3,4,4,3,125.0,9,12,0,21,6,13,0,0,7,70.0,0,1,1,30:46,16,oti
2017,3,2017-09-24,6,1,SEA,W,33,0,20,32,62.5,225.0,2,7.0,8.28,104.3,0,35,195.0,1,5.6,67,420.0,6.27,4,4,3,3,6,341.0,10,5,6,21,4,14,0,0,5,45.0,0,0,0,32:41,27,oti
2017,4,2017-10-01,6,0,HOU,L,14,0,10,20,50.0,109.0,0,5.5,-3.55,26.9,2,19,86.0,2,4.5,41,195.0,4.76,0,0,2,2,5,246.0,6,3,0,9,2,8,0,0,6,88.0,1,4,5,20:19,57,oti
2017,5,2017-10-08,6,0,MIA,L,10,0,21,32,65.6,119.0,1,3.7,4.34,82.7,6,20,69.0,0,3.5,58,188.0,3.24,1,1,1,1,10,549.0,9,3,2,14,2,13,0,0,11,77.0,2,0,2,30:15,16,oti
2017,6,2017-10-16,0,1,IND,W,36,0,23,32,71.9,305.0,1,9.5,8.75,99.1,1,34,168.0,2,4.9,67,473.0,7.06,5,5,3,3,1,44.0,15,7,3,25,6,13,1,1,4,45.0,0,1,1,35:53,22,oti
2017,7,2017-10-22,6,0,CLE,W,12,1,21,34,61.8,189.0,0,5.6,5.56,76.7,2,32,80.0,0,2.5,68,269.0,3.96,5,4,0,0,4,208.0,8,5,3,16,5,17,0,1,5,35.0,1,0,1,35:23,9,oti
2017,9,2017-11-05,6,1,BAL,W,23,0,19,28,67.9,186.0,2,6.6,6.46,95.2,3,21,71.0,1,3.4,52,257.0,4.94,1,1,3,2,5,256.0,10,3,1,14,3,11,0,0,3,39.0,0,1,1,27:38,20,oti
2017,10,2017-11-12,6,1,CIN,W,24,0,25,44,56.8,236.0,1,5.4,4.8,69.9,4,36,180.0,2,5.0,84,416.0,4.95,2,1,3,3,6,339.0,10,11,6,27,7,15,0,0,5,55.0,1,1,2,40:09,20,oti
2017,11,2017-11-16,3,0,PIT,L,17,0,22,34,64.7,264.0,1,7.8,3.06,58.6,5,21,52.0,1,2.5,60,316.0,5.27,2,1,2,2,3,142.0,9,5,3,17,5,13,1,2,9,65.0,0,4,4,28:20,40,oti
2017,12,2017-11-26,6,0,IND,W,20,0,17,25,68.0,184.0,1,7.4,4.56,69.4,0,28,92.0,1,3.3,53,276.0,5.21,2,2,2,2,3,139.0,9,7,3,19,3,8,0,0,2,15.0,0,2,2,28:38,16,oti
2017,13,2017-12-03,6,1,HOU,W,24,0,15,23,65.2,146.0,1,6.3,7.22,97.4,2,25,198.0,2,7.9,50,344.0,6.88,2,1,3,3,4,199.0,8,9,2,19,5,11,1,1,7,63.0,1,0,1,26:11,13,oti
2017,14,2017-12-10,6,0,ARI,L,7,0,16,31,51.6,139.0,0,4.5,1.58,36.9,3,22,65.0,1,3.0,56,204.0,3.64,1,0,1,1,6,313.0,9,3,2,14,4,12,0,2,6,48.0,0,2,2,26:11,12,oti
2017,15,2017-12-17,6,0,SFO,L,23,0,23,33,69.7,238.0,2,7.2,8.42,110.4,1,28,90.0,0,3.2,62,328.0,5.29,3,3,2,2,2,111.0,14,7,2,23,6,12,1,1,3,22.0,1,0,1,27:25,25,oti
2017,16,2017-12-24,6,1,LAR,L,23,0,22,39,56.4,269.0,0,6.9,5.74,67.1,1,26,97.0,1,3.7,66,366.0,5.55,4,3,2,2,4,145.0,12,5,2,19,3,12,0,1,5,54.0,0,1,1,29:56,27,oti
2017,17,2017-12-31,6,1,JAX,W,15,0,12,21,57.1,116.0,1,5.5,6.48,88.6,3,39,116.0,0,3.0,63,232.0,3.68,3,3,1,0,9,383.0,4,7,0,11,3,16,1,1,2,15.0,1,0,1,33:27,10,oti
2018,1,2018-09-09,6,0,MIA,L,20,0,20,38,52.6,220.0,0,5.8,2.24,37.2,0,29,116.0,1,4.0,67,336.0,5.01,2,2,2,2,4,179.0,13,4,2,19,6,14,0,2,5,48.0,0,3,3,29:35,27,oti
2018,2,2018-09-16,6,1,HOU,W,20,0,15,22,68.2,183.0,2,8.3,10.14,123.9,1,34,100.0,0,2.9,57,283.0,4.96,2,2,2,2,5,261.0,7,7,1,15,5,15,2,2,8,70.0,0,0,0,30:22,17,oti
2018,3,2018-09-23,6,0,JAX,W,9,0,13,21,61.9,83.0,0,4.0,3.95,70.1,3,35,150.0,0,4.3,59,233.0,3.95,4,3,0,0,6,280.0,6,7,2,15,5,15,0,0,4,30.0,0,0,0,32:47,6,oti
2018,4,2018-09-30,6,1,PHI,W,26,1,30,43,69.8,327.0,2,7.6,7.49,97.7,3,22,70.0,1,3.2,68,397.0,5.84,2,2,2,2,5,254.0,16,3,3,22,5,16,3,3,4,30.0,0,1,1,35:30,23,oti
2018,5,2018-10-07,6,0,BUF,L,12,0,14,26,53.8,121.0,0,4.7,2.92,50.3,2,25,100.0,0,4.0,53,221.0,4.17,4,4,0,0,2,106.0,8,6,1,15,6,12,0,0,5,40.0,2,1,3,26:11,13,oti
2018,6,2018-10-14,6,1,BAL,L,0,0,10,15,66.7,51.0,0,3.4,3.4,71.8,11,14,55.0,0,3.9,40,106.0,2.65,0,0,0,0,9,375.0,5,1,1,7,1,10,0,0,4,35.0,0,0,0,22:26,21,oti
2018,7,2018-10-21,6,0,LAC,L,19,0,24,32,75.0,226.0,1,7.1,6.28,91.4,2,33,164.0,1,5.0,67,390.0,5.82,3,2,1,1,2,103.0,16,7,0,23,9,15,1,1,4,32.0,0,1,1,35:23,20,oti
2018,9,2018-11-05,0,0,DAL,W,28,0,21,29,72.4,215.0,2,7.4,8.79,116.3,4,36,125.0,2,3.5,69,340.0,4.93,1,0,4,4,1,45.0,11,11,2,24,11,14,0,0,3,20.0,2,0,2,34:26,14,oti
2018,10,2018-11-11,6,1,NWE,W,34,0,17,25,68.0,235.0,2,9.4,11.0,124.6,2,36,150.0,2,4.2,63,385.0,6.11,2,2,4,4,5,241.0,11,11,1,23,5,12,0,0,4,35.0,0,0,0,32:57,10,oti
2018,11,2018-11-18,6,0,IND,L,10,0,21,29,72.4,176.0,1,6.1,3.66,70.5,5,27,91.0,0,3.4,61,267.0,4.38,1,1,1,1,6,296.0,10,4,2,16,6,14,0,0,8,112.0,0,2,2,28:44,38,oti
2018,12,2018-11-26,0,0,HOU,L,17,0,22,23,95.7,260.0,2,11.3,13.04,142.8,6,23,105.0,0,4.6,52,365.0,7.02,1,1,2,2,6,298.0,10,3,1,14,4,12,0,1,7,50.0,1,0,1,30:02,34,oti
2018,13,2018-12-02,6,1,NYJ,W,26,0,20,35,57.1,273.0,2,7.8,7.66,89.3,3,22,130.0,1,5.9,60,403.0,6.72,2,2,3,2,7,266.0,11,6,5,22,1,11,0,0,8,75.0,0,1,1,26:38,22,oti
2018,14,2018-12-06,3,1,JAX,W,30,0,18,24,75.0,162.0,0,6.8,4.88,75.3,1,32,264.0,4,8.3,57,426.0,7.47,1,1,4,3,2,118.0,9,10,2,21,7,11,0,1,3,30.0,0,1,1,29:20,9,oti
2018,15,2018-12-16,6,0,NYG,W,17,0,13,21,61.9,86.0,0,4.1,4.1,70.7,1,45,215.0,2,4.8,67,301.0,4.49,2,1,2,2,5,220.0,6,14,2,22,5,14,1,1,4,35.0,0,0,0,35:21,0,oti
2018,16,2018-12-22,5,1,WAS,W,25,0,17,25,68.0,192.0,1,7.7,8.48,104.1,3,27,99.0,1,3.7,55,291.0,5.29,2,2,2,1,4,169.0,11,8,1,20,5,11,0,0,2,10.0,0,0,0,26:57,16,oti
2018,17,2018-12-30,6,1,IND,L,17,0,18,29,62.1,165.0,1,5.7,3.28,60.3,0,16,93.0,0,5.8,45,258.0,5.73,1,1,2,2,6,272.0,6,4,1,11,1,9,0,1,9,75.0,1,2,3,19:47,33,oti
2019,1,2019-09-08,6,0,CLE,W,43,0,14,24,58.3,216.0,3,9.0,11.5,127.8,4,28,123.0,1,4.4,56,339.0,6.05,2,2,5,5,6,277.0,9,6,6,21,2,10,0,0,6,54.0,0,0,0,29:18,13,oti
2019,2,2019-09-15,6,1,IND,L,17,0,19,28,67.9,119.0,1,4.3,4.96,88.2,4,24,124.0,1,5.2,56,243.0,4.34,2,1,2,2,6,288.0,7,9,2,18,1,10,0,1,5,75.0,0,0,0,28:06,19,oti
2019,3,2019-09-19,3,0,JAX,L,7,0,23,40,57.5,249.0,0,6.2,6.23,75.9,9,26,91.0,1,3.5,75,340.0,4.53,0,0,1,1,8,372.0,15,5,1,21,8,17,0,1,9,101.0,1,0,1,35:16,20,oti
2019,4,2019-09-29,6,0,ATL,W,24,0,18,27,66.7,227.0,3,8.4,10.63,129.7,0,34,138.0,0,4.1,61,365.0,5.98,1,1,3,3,5,225.0,10,8,4,22,6,13,0,1,5,77.0,0,0,0,29:19,10,oti
2019,5,2019-10-06,6,1,BUF,L,7,0,13,22,59.1,150.0,0,6.8,6.82,79.7,5,27,102.0,1,3.8,54,252.0,4.67,4,0,1,1,6,300.0,5,5,4,14,4,14,0,0,8,60.0,0,0,0,28:48,14,oti
2019,6,2019-10-13,6,0,DEN,L,0,0,20,34,58.8,165.0,0,4.9,0.88,34.6,7,21,39.0,0,1.9,62,204.0,3.29,0,0,0,0,9,424.0,9,0,3,12,2,14,0,2,6,40.0,0,3,3,30:14,16,oti
2019,7,2019-10-20,6,1,LAC,W,23,0,24,30,80.0,306.0,2,10.2,10.03,117.5,2,29,97.0,1,3.3,61,403.0,6.61,1,1,3,2,2,84.0,17,5,0,22,6,11,1,2,7,54.0,0,1,1,32:15,20,oti
2019,8,2019-10-27,6,1,TAM,W,27,0,21,33,63.6,174.0,3,5.3,7.09,107.4,3,21,72.0,0,3.4,57,246.0,4.32,2,2,3,3,5,248.0,11,3,2,16,5,13,0,1,6,77.0,1,0,1,28:26,23,oti
2019,9,2019-11-03,6,0,CAR,L,20,0,27,39,69.2,310.0,1,7.9,6.15,80.1,4,21,121.0,2,5.8,64,431.0,6.73,3,0,2,2,3,139.0,17,5,2,24,3,10,1,1,11,99.0,1,2,3,26:43,30,oti
2019,10,2019-11-10,6,1,KAN,W,35,0,13,19,68.4,146.0,2,7.7,9.79,126.2,4,26,225.0,2,8.7,49,371.0,7.57,0,0,4,3,4,204.0,7,9,3,19,2,8,0,1,8,64.0,1,0,1,22:08,32,oti
2019,12,2019-11-24,6,1,JAX,W,42,0,14,18,77.8,252.0,2,14.0,16.22,155.8,1,33,219.0,4,6.6,52,471.0,9.06,0,0,6,6,3,132.0,11,8,2,21,4,8,0,0,6,54.0,2,0,2,23:04,20,oti
2019,13,2019-12-01,6,0,IND,W,31,0,17,22,77.3,138.0,2,6.3,8.09,122.9,6,30,154.0,1,5.1,58,292.0,5.03,1,1,4,4,5,244.0,7,7,1,15,5,13,1,1,3,33.0,2,0,2,27:29,17,oti
2019,14,2019-12-08,6,0,OAK,W,42,0,21,27,77.8,391.0,3,14.5,15.04,140.4,0,32,161.0,2,5.0,59,552.0,9.36,1,0,6,6,2,102.0,15,10,1,26,8,11,0,0,4,21.0,0,1,1,29:12,21,oti
2019,15,2019-12-15,6,1,HOU,L,21,0,22,37,59.5,269.0,2,7.3,7.14,88.7,2,28,163.0,1,5.8,67,432.0,6.45,1,0,3,3,3,145.0,15,7,2,24,4,10,1,2,4,30.0,0,1,1,28:40,24,oti
2019,16,2019-12-22,6,1,NOR,L,28,0,17,27,63.0,248.0,3,9.2,11.41,129.9,5,26,149.0,1,5.7,58,397.0,6.84,0,0,4,4,7,299.0,11,4,2,17,5,13,0,1,6,56.0,1,0,1,28:56,38,oti
2019,17,2019-12-29,6,0,HOU,W,35,0,14,21,66.7,222.0,2,10.6,12.48,133.4,0,39,245.0,3,6.3,60,467.0,7.78,0,0,5,5,4,189.0,11,13,1,25,5,10,0,0,5,37.0,0,0,0,28:21,14,oti
2020,1,2020-09-14,0,0,DEN,W,16,0,29,43,67.4,247.0,2,5.7,6.67,97.7,1,34,130.0,0,3.8,78,377.0,4.83,4,1,2,1,4,204.0,17,6,3,26,7,16,1,1,5,37.0,0,0,0,32:40,14,oti
2020,2,2020-09-20,6,1,JAX,W,33,0,18,24,75.0,231.0,4,9.6,12.96,144.3,1,34,123.0,0,3.6,59,354.0,6.0,2,2,4,3,3,122.0,12,7,4,23,7,11,0,0,4,30.0,0,0,0,26:38,30,oti
2020,3,2020-09-27,6,0,MIN,W,31,0,23,37,62.2,310.0,0,8.4,7.16,77.5,2,34,134.0,2,3.9,73,444.0,6.08,6,6,1,1,3,143.0,13,10,0,23,3,13,1,1,4,45.0,0,1,1,31:32,30,oti
2020,5,2020-10-13,1,1,BUF,W,42,0,21,28,75.0,195.0,3,7.0,9.11,129.3,0,34,139.0,3,4.1,62,334.0,5.39,0,0,6,6,3,128.0,14,9,2,25,6,10,1,1,6,46.0,0,0,0,27:36,16,oti
2020,6,2020-10-18,6,1,HOU,W,42,1,30,41,73.2,344.0,4,8.4,9.24,120.4,2,27,263.0,2,9.7,70,607.0,8.67,2,0,4,4,1,54.0,20,9,2,31,6,10,0,0,7,73.0,1,1,2,31:50,36,oti
2020,7,2020-10-25,6,1,PIT,L,24,0,18,31,58.1,210.0,2,6.8,8.06,100.2,2,23,82.0,1,3.6,56,292.0,5.21,2,1,3,3,4,242.0,8,5,2,15,5,13,0,1,7,73.0,0,0,0,23:23,27,oti
2020,8,2020-11-01,6,0,CIN,L,20,0,18,30,60.0,223.0,2,7.4,7.27,91.4,1,29,218.0,1,7.5,60,441.0,7.35,1,0,2,2,2,72.0,13,12,2,27,5,9,1,1,7,68.0,0,1,1,24:03,31,oti
2020,9,2020-11-08,6,1,CHI,W,24,0,10,21,47.6,136.0,2,6.5,8.38,100.5,3,31,92.0,0,3.0,55,228.0,4.15,1,1,3,3,8,404.0,7,4,0,11,6,15,0,0,6,57.0,0,0,0,26:06,17,oti
2020,10,2020-11-12,3,1,IND,L,17,0,15,27,55.6,137.0,1,5.1,5.81,81.9,1,32,157.0,1,4.9,60,294.0,4.9,2,1,2,2,3,64.0,9,9,7,25,3,10,0,1,3,30.0,0,0,0,28:42,34,oti
2020,11,2020-11-22,6,0,BAL,W,30,1,23,32,71.9,250.0,2,7.8,7.66,102.3,2,34,173.0,1,5.1,68,423.0,6.22,3,3,1,1,2,93.0,16,8,2,26,5,12,1,1,4,44.0,0,1,1,33:33,24,oti
2020,12,2020-11-29,6,0,IND,W,45,0,13,22,59.1,220.0,1,10.0,10.91,108.1,1,45,229.0,4,5.1,68,449.0,6.6,1,1,6,6,4,160.0,9,16,3,28,5,12,1,1,9,63.0,0,0,0,35:33,26,oti
2020,13,2020-12-06,6,1,CLE,L,35,0,29,45,64.4,369.0,3,8.2,8.53,102.9,3,18,62.0,1,3.4,66,431.0,6.53,0,0,3,3,3,138.0,18,4,3,25,2,10,3,4,5,52.0,2,1,3,23:14,41,oti
2020,14,2020-12-13,6,0,JAX,W,31,0,19,24,79.2,205.0,2,8.5,10.21,130.0,1,40,249.0,2,6.2,65,454.0,6.98,1,1,4,4,4,165.0,11,10,4,25,3,9,1,2,7,78.0,1,0,1,31:43,10,oti
2020,15,2020-12-20,6,1,DET,W,46,0,21,27,77.8,268.0,3,9.9,12.15,145.1,1,38,195.0,3,5.1,66,463.0,7.02,1,1,5,5,1,47.0,17,10,1,28,9,11,0,0,3,22.0,0,0,0,28:22,25,oti
2020,16,2020-12-27,6,0,GNB,L,14,0,11,26,42.3,104.0,1,4.0,1.31,34.8,2,27,156.0,1,5.8,55,260.0,4.73,0,0,2,2,4,174.0,9,6,0,15,5,11,0,1,3,15.0,0,2,2,23:23,40,oti
2020,17,2021-01-03,6,0,HOU,W,41,0,18,27,66.7,204.0,1,7.6,8.3,101.5,2,41,288.0,4,7.0,70,492.0,7.03,2,2,5,5,1,46.0,10,17,1,28,7,10,0,1,6,50.0,1,0,1,31:04,38,oti
2021,1,2021-09-12,6,1,ARI,L,13,0,22,36,61.1,162.0,1,4.5,3.81,69.4,6,22,86.0,1,3.9,64,248.0,3.88,1,0,2,1,3,151.0,12,5,0,17,5,14,1,3,7,57.0,2,1,3,26:39,38,oti
2021,2,2021-09-19,6,0,SEA,W,33,1,27,40,67.5,320.0,0,8.0,8.0,91.7,3,40,212.0,3,5.3,83,532.0,6.41,5,4,3,3,2,94.0,16,11,6,33,6,14,0,1,5,45.0,1,0,1,42:33,30,oti
2021,3,2021-09-26,6,1,IND,W,25,0,18,27,66.7,188.0,3,7.0,5.85,92.8,1,37,180.0,0,4.9,65,368.0,5.66,1,1,2,2,1,42.0,11,10,3,24,6,12,1,1,4,24.0,1,2,3,34:06,16,oti
2021,4,2021-10-03,6,0,NYJ,L,24,1,30,49,61.2,253.0,1,5.2,5.57,81.4,7,37,177.0,1,4.8,93,430.0,4.62,4,3,1,1,5,188.0,17,10,3,30,5,19,2,3,8,98.0,0,0,0,40:42,27,oti
2021,5,2021-10-10,6,0,JAX,W,37,0,14,22,63.6,184.0,1,8.4,9.27,105.1,3,36,184.0,3,5.1,61,368.0,6.03,1,1,5,4,4,170.0,10,12,1,23,5,11,1,1,7,44.0,0,0,0,31:30,19,oti
2021,6,2021-10-18,0,1,BUF,W,34,0,18,29,62.1,216.0,0,7.4,5.9,70.5,0,22,146.0,4,6.6,51,362.0,7.1,2,2,4,4,2,107.0,9,6,1,16,4,10,1,1,7,91.0,0,1,1,27:10,31,oti
2021,7,2021-10-24,6,1,KAN,W,27,0,22,28,78.6,266.0,2,9.5,9.32,115.2,1,35,103.0,1,2.9,64,369.0,5.77,2,2,3,3,2,94.0,13,9,2,24,8,12,0,0,6,31.0,0,1,1,36:21,3,oti
2021,8,2021-10-31,6,0,IND,W,34,1,23,34,67.6,247.0,3,7.3,6.38,93.6,3,31,93.0,0,3.0,68,340.0,5.0,2,2,4,4,4,188.0,10,6,2,18,8,17,2,2,11,161.0,0,2,2,34:59,31,oti
2021,9,2021-11-07,6,0,LAR,W,28,0,19,27,70.4,125.0,1,4.6,3.7,76.9,3,26,69.0,2,2.7,56,194.0,3.46,0,0,4,4,5,217.0,9,4,3,16,4,12,2,2,4,19.0,0,1,1,27:39,16,oti
2021,10,2021-11-14,6,1,NOR,W,23,0,19,27,70.4,198.0,1,7.3,8.07,103.6,2,29,66.0,1,2.3,58,264.0,4.55,3,3,2,2,5,205.0,10,4,3,17,3,12,0,0,8,49.0,0,0,0,31:34,21,oti
2021,11,2021-11-21,6,1,HOU,L,13,0,35,52,67.3,317.0,1,6.1,3.02,57.9,2,25,103.0,0,4.1,79,420.0,5.32,0,0,2,1,2,80.0,19,7,0,26,6,15,2,4,5,52.0,1,4,5,30:22,22,oti
2021,12,2021-11-28,6,0,NWE,L,13,0,11,21,52.4,85.0,1,4.0,2.86,58.6,2,39,270.0,1,6.9,62,355.0,5.73,1,0,2,1,2,95.0,6,11,1,18,5,11,1,3,5,50.0,3,1,4,31:02,36,oti
2021,14,2021-12-12,6,1,JAX,W,20,0,20,31,64.5,161.0,0,5.2,5.19,77.5,4,34,102.0,2,3.0,69,263.0,3.81,3,2,2,2,5,192.0,10,8,4,22,6,15,0,0,2,15.0,0,0,0,36:57,0,oti
2021,15,2021-12-19,6,0,PIT,L,13,0,23,32,71.9,117.0,0,3.7,2.25,64.2,4,42,201.0,1,4.8,78,318.0,4.08,2,2,1,1,3,143.0,8,14,0,22,8,18,1,2,7,68.0,3,1,4,39:08,19,oti
2021,16,2021-12-23,3,1,SFO,W,20,0,22,30,73.3,188.0,1,6.3,6.93,100.4,4,24,90.0,1,3.8,58,278.0,4.79,2,2,2,2,5,230.0,11,4,1,16,9,16,0,0,6,57.0,0,0,0,29:29,17,oti
2021,17,2022-01-02,6,1,MIA,W,34,0,13,18,72.2,110.0,2,6.1,8.33,124.8,1,40,198.0,2,5.0,59,308.0,5.22,2,2,4,4,4,177.0,7,7,3,17,7,15,1,1,6,70.0,0,0,0,33:12,3,oti
2021,18,2022-01-09,6,0,HOU,W,28,0,23,32,71.9,281.0,4,8.8,11.28,138.2,1,32,124.0,0,3.9,65,405.0,6.23,1,0,4,4,4,197.0,16,6,1,23,8,13,0,0,5,42.0,0,0,0,33:34,25,oti
2022,1,2022-09-11,6,1,NYG,L,20,0,20,33,60.6,266.0,2,8.1,9.27,106.4,1,26,93.0,0,3.6,60,359.0,5.98,3,2,2,2,6,342.0,13,2,4,19,3,11,0,0,7,50.0,1,0,1,31:06,21,oti
2022,2,2022-09-19,0,0,BUF,L,7,0,12,24,50.0,107.0,0,4.5,0.71,27.6,2,27,80.0,1,3.0,53,187.0,3.53,0,0,1,1,6,333.0,6,5,1,12,4,12,1,1,9,87.0,2,2,4,28:26,41,oti
2022,3,2022-09-25,6,1,LVR,W,24,0,19,27,70.4,252.0,1,9.3,8.41,96.5,1,27,109.0,2,4.0,55,361.0,6.56,1,1,3,3,3,181.0,13,6,0,19,5,10,0,1,7,85.0,0,1,1,29:15,22,oti
2022,4,2022-10-02,6,0,IND,W,24,0,17,21,81.0,116.0,2,5.5,7.43,121.4,3,28,127.0,1,4.5,52,243.0,4.67,1,1,3,3,4,211.0,9,6,4,19,5,12,0,0,6,40.0,0,0,0,26:03,17,oti
2022,5,2022-10-09,6,0,WAS,W,21,0,15,25,60.0,136.0,1,5.4,6.24,88.1,5,32,105.0,2,3.3,62,241.0,3.89,0,0,3,3,8,416.0,6,7,2,15,4,14,1,1,8,69.0,0,0,0,32:40,17,oti
2022,7,2022-10-23,6,1,IND,W,19,0,13,20,65.0,116.0,0,5.8,5.8,80.4,2,35,138.0,0,3.9,57,254.0,4.46,4,4,1,1,3,164.0,6,8,2,16,5,12,0,0,2,15.0,1,0,1,31:33,10,oti
2022,8,2022-10-30,6,0,HOU,W,17,0,6,10,60.0,40.0,0,4.0,-0.5,29.2,3,45,314.0,2,7.0,58,354.0,6.1,2,1,2,2,5,242.0,3,13,0,16,4,12,1,1,6,35.0,1,1,2,34:48,10,oti
2022,9,2022-11-06,6,0,KAN,L,17,1,5,16,31.3,57.0,0,3.6,3.56,43.0,3,29,172.0,2,5.9,48,229.0,4.77,1,1,2,2,8,390.0,3,6,0,9,1,11,0,1,8,51.0,0,0,0,26:23,20,oti
2022,10,2022-11-13,6,1,DEN,W,17,0,19,36,52.8,244.0,2,6.8,7.89,92.8,1,23,63.0,0,2.7,60,307.0,5.12,1,1,2,2,8,432.0,11,2,1,14,6,16,0,0,9,60.0,1,0,1,26:03,10,oti
2022,11,2022-11-17,3,0,GNB,W,27,0,24,29,82.8,320.0,3,11.0,11.55,132.8,3,32,88.0,1,2.8,64,408.0,6.38,0,0,4,3,3,152.0,15,5,1,21,7,13,1,2,2,19.0,0,1,1,32:28,17,oti
2022,12,2022-11-27,6,1,CIN,L,16,0,22,34,64.7,281.0,0,8.3,8.26,90.4,1,21,63.0,0,3.0,56,344.0,6.14,4,3,1,1,5,269.0,12,2,1,15,7,16,0,0,8,57.0,0,0,0,28:14,20,oti
2022,13,2022-12-04,6,0,PHI,L,10,0,16,26,61.5,122.0,1,4.7,5.46,85.7,6,21,87.0,0,4.1,53,209.0,3.94,1,1,1,1,7,401.0,5,5,1,11,4,14,1,2,7,82.0,0,0,0,27:27,35,oti
2022,14,2022-12-11,6,1,JAX,L,22,0,25,38,65.8,227.0,2,6.0,5.84,88.4,4,20,137.0,1,6.9,62,364.0,5.87,0,0,2,2,3,150.0,14,7,1,22,5,10,0,1,5,50.0,3,1,4,27:08,36,oti
2022,15,2022-12-18,6,0,LAC,L,14,0,18,26,69.2,157.0,0,6.0,4.31,68.9,4,27,127.0,2,4.7,57,284.0,4.98,1,0,2,2,7,392.0,8,9,0,17,3,11,0,0,6,62.0,0,1,1,30:12,17,oti
2022,16,2022-12-24,5,1,HOU,L,14,0,14,23,60.9,88.0,0,3.8,-0.09,32.5,4,31,184.0,2,5.9,58,272.0,4.69,0,0,2,2,6,301.0,4,11,1,16,4,12,1,2,5,30.0,1,2,3,26:57,19,oti
2022,17,2022-12-29,3,1,DAL,L,13,0,20,39,51.3,220.0,1,5.6,5.0,66.2,2,24,97.0,0,4.0,65,317.0,4.88,2,2,1,1,5,237.0,11,6,0,17,7,16,1,2,10,124.0,1,1,2,26:34,27,oti
2022,18,2023-01-07,5,0,JAX,L,16,0,20,29,69.0,165.0,1,5.7,4.83,80.4,4,39,147.0,0,3.8,72,312.0,4.33,3,3,1,1,3,166.0,14,4,1,19,6,17,2,3,6,40.0,1,1,2,36:12,20,oti
2023,1,2023-09-10,6,0,NOR,L,15,0,16,34,47.1,181.0,0,5.3,1.35,26.7,3,22,104.0,0,4.7,59,285.0,4.83,5,5,0,0,3,107.0,8,5,3,16,2,12,0,0,6,45.0,0,3,3,31:20,16,oti
2023,2,2023-09-17,6,1,LAC,W,27,1,20,24,83.3,200.0,1,8.3,9.17,115.3,5,34,141.0,2,4.1,63,341.0,5.41,2,2,3,3,5,306.0,9,10,3,22,6,13,0,1,7,45.0,0,0,0,36:49,24,oti
2023,3,2023-09-24,6,0,CLE,L,3,0,13,25,52.0,68.0,0,2.7,2.72,57.9,5,15,26.0,0,1.7,45,94.0,2.09,1,1,0,0,7,374.0,5,0,1,6,2,12,1,1,8,80.0,0,0,0,21:31,27,oti
2023,4,2023-10-01,6,1,CIN,W,27,0,19,26,73.1,227.0,2,8.7,8.54,109.0,3,33,173.0,1,5.2,62,400.0,6.45,2,2,3,3,2,93.0,11,9,3,23,8,13,1,1,5,27.0,0,1,1,34:45,3,oti
2023,5,2023-10-08,6,0,IND,L,16,0,23,35,65.7,259.0,0,7.4,6.11,75.8,1,22,89.0,1,4.0,58,348.0,6.0,3,3,1,1,1,43.0,14,4,1,19,5,12,1,2,4,58.0,0,1,1,28:57,23,oti
2023,6,2023-10-15,6,1,BAL,L,16,0,12,21,57.1,104.0,0,5.0,2.81,50.5,6,19,129.0,1,6.8,46,233.0,5.07,3,3,1,1,5,263.0,4,5,8,17,1,9,0,0,6,45.0,1,1,2,24:18,24,oti
2023,8,2023-10-29,6,1,ATL,W,28,0,19,29,65.5,226.0,4,7.8,10.55,128.7,2,36,149.0,0,4.1,67,375.0,5.6,0,0,4,4,8,420.0,7,9,1,17,5,15,1,1,6,53.0,1,0,1,32:59,23,oti
2023,9,2023-11-02,3,0,PIT,L,16,0,22,39,56.4,235.0,0,6.0,4.87,63.5,4,25,105.0,1,4.2,68,340.0,5.0,3,3,1,1,3,171.0,12,5,6,23,3,13,1,2,7,51.0,0,1,1,31:09,20,oti
2023,10,2023-11-12,6,0,TAM,L,6,0,19,39,48.7,167.0,0,4.3,3.13,49.8,4,16,42.0,0,2.6,59,209.0,3.54,3,2,0,0,4,227.0,10,2,2,14,6,15,0,2,5,35.0,0,1,1,28:20,20,oti
2023,11,2023-11-19,6,0,JAX,L,14,0,13,17,76.5,143.0,2,8.4,10.76,140.1,2,19,92.0,0,4.8,38,235.0,6.18,0,0,2,2,4,214.0,6,4,2,12,2,7,1,1,7,66.0,2,0,2,23:34,34,oti
2023,12,2023-11-26,6,1,CAR,W,17,0,18,28,64.3,184.0,0,6.6,6.57,83.0,1,24,80.0,2,3.3,53,264.0,4.98,1,1,2,2,7,376.0,9,6,0,15,2,11,1,1,8,53.0,0,0,0,26:11,10,oti
2023,13,2023-12-03,6,1,IND,L,28,1,16,33,48.5,204.0,1,6.2,6.79,78.3,6,42,177.0,2,4.2,81,381.0,4.7,2,2,3,2,7,299.0,12,12,1,25,6,17,0,1,9,74.0,2,0,2,38:26,31,oti
2023,14,2023-12-11,0,0,MIA,W,28,0,23,38,60.5,320.0,1,8.4,7.76,85.4,1,29,83.0,2,2.9,68,403.0,5.93,2,2,2,2,5,244.0,16,5,1,22,5,13,0,0,9,59.0,2,1,3,27:36,27,oti
2023,15,2023-12-17,6,1,HOU,L,16,1,17,26,65.4,138.0,0,5.3,3.58,62.7,7,30,66.0,1,2.2,63,204.0,3.24,1,1,2,1,8,362.0,8,6,0,14,5,15,1,1,5,50.0,0,1,1,33:28,19,oti
2023,16,2023-12-24,6,1,SEA,L,17,0,19,27,70.4,125.0,1,4.6,5.37,92.4,6,31,162.0,1,5.2,64,287.0,4.48,1,1,2,2,3,117.0,10,10,3,23,6,12,1,1,10,97.0,0,0,0,33:51,20,oti
2023,17,2023-12-31,6,0,HOU,L,3,0,18,26,69.2,134.0,0,5.2,5.15,81.2,6,21,53.0,0,2.5,53,187.0,3.53,1,1,0,0,5,248.0,7,3,1,11,1,12,2,4,3,15.0,1,0,1,26:49,26,oti
2023,18,2024-01-07,6,1,JAX,W,28,0,17,27,63.0,152.0,2,5.6,5.44,87.3,2,26,175.0,2,6.7,55,327.0,5.95,0,0,4,4,3,144.0,10,8,1,19,6,11,0,1,5,29.0,0,1,1,27:43,20,oti
2024,1,2024-09-08,6,0,CHI,L,17,0,19,32,59.4,104.0,1,3.3,1.06,49.5,3,26,140.0,1,5.4,61,244.0,4.0,1,1,2,2,6,268.0,6,9,1,16,3,14,1,2,8,50.0,1,2,3,34:54,24,oti
2024,2,2024-09-15,6,1,NYJ,L,17,0,19,28,67.9,170.0,1,6.1,5.18,81.0,4,28,130.0,1,4.6,60,300.0,5.0,1,1,2,2,5,226.0,7,9,4,20,5,12,0,1,5,45.0,1,1,2,29:57,24,oti
2024,3,2024-09-22,6,1,GNB,L,14,0,26,34,76.5,204.0,2,6.0,4.53,85.9,8,11,33.0,0,3.0,53,237.0,4.47,0,0,2,2,4,187.0,14,3,1,18,3,9,0,1,2,15.0,1,2,3,27:32,30,oti
2024,4,2024-09-30,0,0,MIA,W,31,0,12,21,57.1,102.0,0,4.9,2.71,50.1,1,40,142.0,2,3.6,62,244.0,3.94,5,5,2,2,5,209.0,5,8,3,16,2,12,1,1,8,69.0,0,1,1,34:52,12,oti
2024,6,2024-10-13,6,1,IND,L,17,0,16,27,59.3,95.0,1,3.5,2.59,63.0,0,28,146.0,1,5.2,55,241.0,4.38,1,1,2,2,5,289.0,7,7,2,16,4,11,1,1,11,113.0,0,1,1,30:32,20,oti
2024,7,2024-10-20,6,0,BUF,L,10,0,25,40,62.5,200.0,1,5.0,4.38,72.9,3,24,89.0,0,3.7,67,289.0,4.31,1,1,1,1,5,266.0,13,2,3,18,6,16,1,2,8,52.0,1,1,2,32:46,34,oti
2024,8,2024-10-27,6,0,DET,L,14,0,22,38,57.9,258.0,1,6.8,4.95,65.5,1,32,158.0,1,4.9,71,416.0,5.86,0,0,2,2,6,296.0,12,9,2,23,3,11,1,2,8,60.0,2,2,4,35:37,52,oti
2024,9,2024-11-03,6,1,NWE,W,20,1,20,33,60.6,233.0,2,7.1,6.91,89.6,1,39,167.0,0,4.3,73,400.0,5.48,2,2,2,2,5,233.0,13,9,2,24,7,16,0,1,10,67.0,0,1,1,38:44,17,oti
2024,10,2024-11-10,6,0,LAC,L,17,0,18,23,78.3,157.0,2,6.8,8.57,124.1,7,21,132.0,0,6.3,51,289.0,5.67,2,1,2,2,4,214.0,10,8,1,19,3,9,0,0,9,68.0,0,0,0,29:01,27,oti
2024,11,2024-11-17,6,1,MIN,L,13,0,17,31,54.8,261.0,1,8.4,7.61,80.2,5,19,33.0,0,1.7,55,294.0,5.35,2,2,1,1,5,241.0,8,3,0,11,6,15,0,2,13,91.0,0,1,1,27:29,23,oti
2024,12,2024-11-24,6,0,HOU,W,32,0,18,25,72.0,237.0,2,9.5,9.28,111.6,8,33,132.0,1,4.0,66,369.0,5.59,3,3,3,3,5,250.0,8,8,3,19,4,14,1,1,6,35.0,2,1,3,34:29,27,oti
2024,13,2024-12-01,6,0,WAS,L,19,0,18,37,48.6,210.0,2,5.7,6.76,84.3,2,11,35.0,0,3.2,50,245.0,4.9,2,2,1,1,4,213.0,9,1,2,12,5,12,0,1,12,93.0,2,0,2,19:47,42,oti
2024,14,2024-12-08,6,1,JAX,L,6,0,19,32,59.4,146.0,0,4.6,4.56,70.6,2,28,126.0,0,4.5,62,272.0,4.39,2,2,0,0,3,143.0,8,8,1,17,8,16,0,3,4,25.0,0,0,0,31:44,10,oti
2024,15,2024-12-15,6,1,CIN,L,27,0,29,38,76.3,291.0,2,7.7,3.97,75.5,1,26,83.0,2,3.2,65,374.0,5.75,0,0,3,3,1,67.0,13,9,3,25,5,8,0,0,12,110.0,2,4,6,31:29,37,oti
2024,16,2024-12-22,6,0,IND,L,30,0,23,34,67.6,242.0,2,7.1,4.32,71.0,1,22,65.0,2,3.0,57,307.0,5.39,1,0,2,2,4,221.0,11,4,3,18,5,11,0,0,4,35.0,0,3,3,26:59,38,oti
2024,17,2024-12-29,6,0,JAX,L,13,0,19,31,61.3,178.0,1,5.7,4.94,74.4,3,30,159.0,0,5.3,64,337.0,5.27,2,2,1,1,3,149.0,11,10,2,23,7,14,1,2,5,34.0,0,1,1,30:40,20,oti
2024,18,2025-01-05,6,1,HOU,L,14,0,16,26,61.5,229.0,1,8.8,9.58,102.9,2,32,85.0,0,2.7,60,314.0,5.23,2,2,0,0,5,219.0,9,5,0,14,5,15,2,3,7,68.0,1,0,1,29:59,23,oti
